{
  "_date": "2022-06-04T17:15:30.000Z",
  "calNum": 3223,
  "counter": 186608,
  "courseData": 277,
  "isSpeedOver": false,
  "oldspeed": 21.8,
  "passHour": 52,
  "positionLati": 20.386485041789967,
  "positionLong": 133.24621594386653,
  "speed": 22.17470935788679
}