{
  "_date": "2022-06-04T23:15:30.000Z",
  "calNum": 6139,
  "counter": 207721,
  "courseData": 27,
  "isSpeedOver": false,
  "oldspeed": 11.5,
  "passHour": 58,
  "positionLati": 11.56464949100023,
  "positionLong": 120.62288966587373,
  "speed": 11.869502021107984
}